INSERT INTO categories (id, name, sort_order) VALUES
('01J00000000000000000000010', '手机设备', 100);

INSERT INTO catalog_use_case_aliases (id, use_case_id, alias, locale) VALUES
('01J00000000000000000000318', '01J00000000000000000000203', '手机摄影', 'zh-CN'),
('01J00000000000000000000319', '01J00000000000000000000204', '手机直播', 'zh-CN'),
('01J00000000000000000000320', '01J00000000000000000000207', '手游', 'zh-CN');

INSERT INTO products (
    id, category_id, equipment_role, name, brand, model, description,
    daily_rate, fixed_deposit, pricing_version
) VALUES
('01J00000000000000000000121', '01J00000000000000000000010', 'smartphone',
 'iPhone 15 Pro Max', 'Apple', 'iPhone 15 Pro Max',
 '钛金属旗舰手机，适合旅行记录、活动拍摄、短视频和移动直播。', 120.00, 4500.00, 1),
('01J00000000000000000000122', '01J00000000000000000000010', 'smartphone',
 'Samsung Galaxy S24 Ultra', 'Samsung', 'Galaxy S24 Ultra',
 '大屏旗舰手机，支持手写笔，适合移动办公、演示、长焦拍摄和旅行记录。', 110.00, 4000.00, 1),
('01J00000000000000000000123', '01J00000000000000000000010', 'smartphone',
 'Xiaomi 14 Ultra', 'Xiaomi', '14 Ultra',
 '专业影像旗舰手机，适合人像、活动摄影、旅行记录和移动视频创作。', 90.00, 3200.00, 1),
('01J00000000000000000000124', '01J00000000000000000000010', 'smartphone',
 'ASUS ROG Phone 8', 'ASUS', 'ROG Phone 8',
 '高性能游戏手机，适合手游、赛事体验和移动游戏直播。', 80.00, 2800.00, 1);

INSERT INTO product_use_cases (product_id, use_case_id, weight, source) VALUES
('01J00000000000000000000121', '01J00000000000000000000205', 0.9800, 'seed'),
('01J00000000000000000000121', '01J00000000000000000000203', 0.9200, 'seed'),
('01J00000000000000000000121', '01J00000000000000000000204', 0.8500, 'seed'),
('01J00000000000000000000122', '01J00000000000000000000201', 0.9500, 'seed'),
('01J00000000000000000000122', '01J00000000000000000000203', 0.8800, 'seed'),
('01J00000000000000000000122', '01J00000000000000000000205', 0.8500, 'seed'),
('01J00000000000000000000123', '01J00000000000000000000203', 1.0000, 'seed'),
('01J00000000000000000000123', '01J00000000000000000000205', 0.9500, 'seed'),
('01J00000000000000000000123', '01J00000000000000000000204', 0.7500, 'seed'),
('01J00000000000000000000124', '01J00000000000000000000207', 1.0000, 'seed'),
('01J00000000000000000000124', '01J00000000000000000000204', 0.7000, 'seed');

INSERT INTO equipment_units (id, product_id, serial_number, display_code, status) VALUES
('01J00000000000000000001026', '01J00000000000000000000121', 'DEMO-IP15PM-0001', 'IP15PM-01', 'AVAILABLE'),
('01J00000000000000000001027', '01J00000000000000000000121', 'DEMO-IP15PM-0002', 'IP15PM-02', 'AVAILABLE'),
('01J00000000000000000001028', '01J00000000000000000000122', 'DEMO-S24U-0001', 'S24U-01', 'AVAILABLE'),
('01J00000000000000000001029', '01J00000000000000000000122', 'DEMO-S24U-0002', 'S24U-02', 'AVAILABLE'),
('01J00000000000000000001030', '01J00000000000000000000123', 'DEMO-MI14U-0001', 'MI14U-01', 'AVAILABLE'),
('01J00000000000000000001031', '01J00000000000000000000123', 'DEMO-MI14U-0002', 'MI14U-02', 'AVAILABLE'),
('01J00000000000000000001032', '01J00000000000000000000124', 'DEMO-ROG8-0001', 'ROG8-01', 'AVAILABLE'),
('01J00000000000000000001033', '01J00000000000000000000124', 'DEMO-ROG8-0002', 'ROG8-02', 'AVAILABLE');
