INSERT INTO categories (id, name, sort_order) VALUES
('01J00000000000000000000001', '相机', 10),
('01J00000000000000000000002', '镜头', 20),
('01J00000000000000000000003', '数码设备', 30);

INSERT INTO products (
    id, category_id, name, brand, model, description,
    daily_rate, fixed_deposit, pricing_version
) VALUES
('01J00000000000000000000101', '01J00000000000000000000001', 'Sony A7M4 相机机身', 'Sony', 'A7M4', '全画幅微单相机，适合人像和视频拍摄。', 200.00, 3000.00, 1),
('01J00000000000000000000102', '01J00000000000000000000001', 'Canon EOS R6 Mark II', 'Canon', 'EOS R6 Mark II', '全画幅微单相机，适合运动与活动拍摄。', 220.00, 3200.00, 1),
('01J00000000000000000000103', '01J00000000000000000000002', 'Sony FE 24-70mm F2.8 GM II', 'Sony', 'SEL2470GM2', '标准变焦镜头。', 120.00, 1800.00, 1),
('01J00000000000000000000104', '01J00000000000000000000003', 'DJI Air 3 无人机', 'DJI', 'Air 3', '双主摄航拍无人机。', 180.00, 3500.00, 1),
('01J00000000000000000000105', '01J00000000000000000000003', 'MacBook Pro 14', 'Apple', 'MacBook Pro 14', '适合临时剪辑和移动办公。', 160.00, 5000.00, 1),
('01J00000000000000000000106', '01J00000000000000000000003', 'GoPro HERO 运动相机', 'GoPro', 'HERO', '适合旅行和运动记录。', 80.00, 1200.00, 1);

INSERT INTO equipment_units (id, product_id, serial_number, display_code, status) VALUES
('01J00000000000000000001001', '01J00000000000000000000101', 'DEMO-A7M4-0001', 'A7M4-01', 'AVAILABLE'),
('01J00000000000000000001002', '01J00000000000000000000102', 'DEMO-R6M2-0001', 'R6M2-01', 'AVAILABLE'),
('01J00000000000000000001003', '01J00000000000000000000102', 'DEMO-R6M2-0002', 'R6M2-02', 'AVAILABLE'),
('01J00000000000000000001004', '01J00000000000000000000103', 'DEMO-2470-0001', '2470-01', 'AVAILABLE'),
('01J00000000000000000001005', '01J00000000000000000000104', 'DEMO-AIR3-0001', 'AIR3-01', 'AVAILABLE'),
('01J00000000000000000001006', '01J00000000000000000000105', 'DEMO-MBP14-0001', 'MBP14-01', 'AVAILABLE'),
('01J00000000000000000001007', '01J00000000000000000000105', 'DEMO-MBP14-0002', 'MBP14-02', 'AVAILABLE'),
('01J00000000000000000001008', '01J00000000000000000000106', 'DEMO-HERO-0001', 'HERO-01', 'AVAILABLE');
