INSERT INTO categories (id, name, sort_order) VALUES
('01J00000000000000000000007', '电脑设备', 70),
('01J00000000000000000000008', '专业影像', 80),
('01J00000000000000000000009', '办公演示', 90);

INSERT INTO catalog_use_cases (id, code, name, description) VALUES
('01J00000000000000000000207', 'gaming_entertainment', '游戏娱乐', '游戏体验、电竞活动和高性能图形应用'),
('01J00000000000000000000208', 'business_presentation', '商务演示', '会议演示、培训、发布会和大屏展示'),
('01J00000000000000000000209', 'interview_recording', '采访录制', '人物采访、播客、口播和现场声音采集');

INSERT INTO catalog_use_case_aliases (id, use_case_id, alias, locale) VALUES
('01J00000000000000000000310', '01J00000000000000000000207', '游戏', 'zh-CN'),
('01J00000000000000000000311', '01J00000000000000000000207', '电竞', 'zh-CN'),
('01J00000000000000000000312', '01J00000000000000000000208', '演示', 'zh-CN'),
('01J00000000000000000000313', '01J00000000000000000000208', '培训', 'zh-CN'),
('01J00000000000000000000314', '01J00000000000000000000208', '发布会', 'zh-CN'),
('01J00000000000000000000315', '01J00000000000000000000209', '采访', 'zh-CN'),
('01J00000000000000000000316', '01J00000000000000000000209', '播客', 'zh-CN'),
('01J00000000000000000000317', '01J00000000000000000000209', '口播', 'zh-CN');

INSERT INTO products (
    id, category_id, equipment_role, name, brand, model, description,
    daily_rate, fixed_deposit, pricing_version
) VALUES
('01J00000000000000000000111', '01J00000000000000000000007', 'laptop',
 'Dell XPS 15 9530', 'Dell', 'XPS 15 9530',
 '高分辨率屏幕轻薄工作站，适合移动办公、演示和中度视频剪辑。', 140.00, 4200.00, 1),
('01J00000000000000000000112', '01J00000000000000000000007', 'laptop',
 'Lenovo Legion R7000', 'Lenovo', 'Legion R7000',
 '独立显卡高性能笔记本，适合游戏、电竞活动和实时图形应用。', 130.00, 3800.00, 1),
('01J00000000000000000000113', '01J00000000000000000000007', 'laptop',
 'ASUS ProArt Studiobook 16', 'ASUS', 'ProArt Studiobook 16',
 '面向视频剪辑、调色和设计工作的专业移动工作站。', 190.00, 5200.00, 1),
('01J00000000000000000000114', '01J00000000000000000000008', 'camera',
 'Sony FX3 电影摄影机', 'Sony', 'FX3',
 '全画幅电影摄影机，适合专业视频制作、活动拍摄和直播。', 320.00, 6500.00, 1),
('01J00000000000000000000115', '01J00000000000000000000008', 'camera',
 'Fujifilm X-T5 相机机身', 'Fujifilm', 'X-T5',
 '轻量高像素微单相机，适合旅行记录、活动摄影和人像拍摄。', 180.00, 2800.00, 1),
('01J00000000000000000000116', '01J00000000000000000000002', 'lens',
 'Canon RF 70-200mm F2.8 L IS USM', 'Canon', 'RF70-200F2.8L',
 '恒定大光圈远摄变焦镜头，适合舞台、婚礼和会议活动摄影。', 150.00, 2600.00, 1),
('01J00000000000000000000117', '01J00000000000000000000008', 'action_camera',
 'DJI Osmo Pocket 3', 'DJI', 'Osmo Pocket 3',
 '便携云台口袋相机，适合旅行记录、采访口播和移动直播。', 90.00, 1500.00, 1),
('01J00000000000000000000118', '01J00000000000000000000009', 'projector',
 'Epson CB-FH52 投影仪', 'Epson', 'CB-FH52',
 '全高清高亮投影设备，适合会议、培训和发布会演示。', 110.00, 2200.00, 1),
('01J00000000000000000000119', '01J00000000000000000000004', 'microphone',
 'Shure MV7 USB 麦克风', 'Shure', 'MV7',
 'USB/XLR 双接口动圈麦克风，适合采访、播客和直播口播。', 50.00, 900.00, 1),
('01J00000000000000000000120', '01J00000000000000000000006', 'capture_card',
 'Blackmagic ATEM Mini Pro', 'Blackmagic Design', 'ATEM Mini Pro',
 '多机位视频切换和直播推流设备，适合活动直播与课程制作。', 100.00, 1800.00, 1);

INSERT INTO product_use_cases (product_id, use_case_id, weight, source) VALUES
('01J00000000000000000000111', '01J00000000000000000000201', 0.9800, 'seed'),
('01J00000000000000000000111', '01J00000000000000000000202', 0.7000, 'seed'),
('01J00000000000000000000111', '01J00000000000000000000208', 0.8500, 'seed'),
('01J00000000000000000000112', '01J00000000000000000000207', 1.0000, 'seed'),
('01J00000000000000000000113', '01J00000000000000000000202', 1.0000, 'seed'),
('01J00000000000000000000114', '01J00000000000000000000202', 0.9000, 'seed'),
('01J00000000000000000000114', '01J00000000000000000000203', 0.9000, 'seed'),
('01J00000000000000000000114', '01J00000000000000000000204', 0.8500, 'seed'),
('01J00000000000000000000115', '01J00000000000000000000203', 0.8500, 'seed'),
('01J00000000000000000000115', '01J00000000000000000000205', 0.9500, 'seed'),
('01J00000000000000000000116', '01J00000000000000000000203', 0.9500, 'seed'),
('01J00000000000000000000117', '01J00000000000000000000205', 0.9500, 'seed'),
('01J00000000000000000000117', '01J00000000000000000000209', 0.8000, 'seed'),
('01J00000000000000000000118', '01J00000000000000000000208', 1.0000, 'seed'),
('01J00000000000000000000119', '01J00000000000000000000209', 1.0000, 'seed'),
('01J00000000000000000000119', '01J00000000000000000000204', 0.8000, 'seed'),
('01J00000000000000000000120', '01J00000000000000000000204', 1.0000, 'seed');

INSERT INTO equipment_units (id, product_id, serial_number, display_code, status) VALUES
('01J00000000000000000001013', '01J00000000000000000000111', 'DEMO-XPS15-0001', 'XPS15-01', 'AVAILABLE'),
('01J00000000000000000001014', '01J00000000000000000000111', 'DEMO-XPS15-0002', 'XPS15-02', 'AVAILABLE'),
('01J00000000000000000001015', '01J00000000000000000000112', 'DEMO-R7000-0001', 'R7000-01', 'AVAILABLE'),
('01J00000000000000000001016', '01J00000000000000000000112', 'DEMO-R7000-0002', 'R7000-02', 'AVAILABLE'),
('01J00000000000000000001017', '01J00000000000000000000113', 'DEMO-PROART-0001', 'PROART-01', 'AVAILABLE'),
('01J00000000000000000001018', '01J00000000000000000000114', 'DEMO-FX3-0001', 'FX3-01', 'AVAILABLE'),
('01J00000000000000000001019', '01J00000000000000000000115', 'DEMO-XT5-0001', 'XT5-01', 'AVAILABLE'),
('01J00000000000000000001020', '01J00000000000000000000116', 'DEMO-RF70200-0001', 'RF70200-01', 'AVAILABLE'),
('01J00000000000000000001021', '01J00000000000000000000117', 'DEMO-POCKET3-0001', 'POCKET3-01', 'AVAILABLE'),
('01J00000000000000000001022', '01J00000000000000000000117', 'DEMO-POCKET3-0002', 'POCKET3-02', 'AVAILABLE'),
('01J00000000000000000001023', '01J00000000000000000000118', 'DEMO-CBFH52-0001', 'CBFH52-01', 'AVAILABLE'),
('01J00000000000000000001024', '01J00000000000000000000119', 'DEMO-MV7-0001', 'MV7-01', 'AVAILABLE'),
('01J00000000000000000001025', '01J00000000000000000000120', 'DEMO-ATEM-0001', 'ATEM-01', 'AVAILABLE');
